{
  "epoch": 10,
  "train_loss": 0.007471510767936706,
  "test_loss": 0.007853617715835572,
  "auc": 0.7888680606060606,
  "f1": 0.09717095070358597,
  "top1_acc": 0.118,
  "top5_acc": 0.3107
}