{
  "epoch": 10,
  "train_loss": 0.025193616666793824,
  "test_loss": 0.028406214356422425,
  "auc": 0.8452760858585858,
  "f1": 0.170350016202243,
  "top1_acc": 0.183,
  "top5_acc": 0.4238
}