{
  "epoch": 10,
  "train_loss": 0.009026854791641236,
  "test_loss": 0.009210546016693116,
  "auc": 0.5085908535353534,
  "f1": 0.0041973210509860465,
  "top1_acc": 0.0111,
  "top5_acc": 0.0474
}