{
  "epoch": 10,
  "train_loss": 0.02936238072395325,
  "test_loss": 0.030152834725379943,
  "auc": 0.806893095959596,
  "f1": 0.11604053080486958,
  "top1_acc": 0.1386,
  "top5_acc": 0.3495
}