epoch,train_loss,test_loss,auc,f1,top1_acc,top5_acc
1,0.035618769788742066,0.0348479118347168,0.6990819343434345,0.008413795475505999,0.0308,0.123
2,0.032296178011894223,0.030634651494026183,0.8027687323232322,0.07644067318101651,0.1054,0.3147
