{
  "epoch": 10,
  "train_loss": 0.0720201241016388,
  "test_loss": 0.07229145226478577,
  "auc": 0.5159686262626262,
  "f1": 0.0035344982148993644,
  "top1_acc": 0.013,
  "top5_acc": 0.0566
}