{
  "epoch": 10,
  "train_loss": 0.008626724395751953,
  "test_loss": 0.008741147184371948,
  "auc": 0.7099838838383838,
  "f1": 0.02815062046920712,
  "top1_acc": 0.0586,
  "top5_acc": 0.1754
}