run_id,epoch,train_loss,test_loss,auc,f1,top1_acc,top5_acc
cifar100_ep10_bs128_lr0.1,10,0.02638384739398956,0.029245766067504883,0.8339043787878788,0.15066435937181016,0.1653,0.3956
cifar100_ep2_bs128_lr0.1_devicemps,2,0.032296178011894223,0.030634651494026183,0.8027687323232322,0.07644067318101651,0.1054,0.3147
cifar100_ep10_bs128_lr0.1_devicemps,10,0.02035861000061035,0.022910791993141173,0.9175082323232323,0.28645819269423073,0.2983,0.5914
