epoch,train_loss,test_loss,auc,f1,top1_acc,top5_acc
1,0.03604285513877869,0.036389818859100344,0.5000489898989899,0.00019801980198019803,0.01,0.05
2,0.03603399765968323,0.03639038701057434,0.5,0.00019801980198019803,0.01,0.05
3,0.036034083213806155,0.03639039964675903,0.5,0.00019801980198019803,0.01,0.05
4,0.0360340852355957,0.03639040079116821,0.5,0.00019801980198019803,0.01,0.05
5,0.036034085397720336,0.03639040093421936,0.5,0.00019801980198019803,0.01,0.05
6,0.03603408537864685,0.03639040122032165,0.5,0.00019801980198019803,0.01,0.05
7,0.03603408534049988,0.03639040088653565,0.5,0.00019801980198019803,0.01,0.05
8,0.036034085369110104,0.03639040117263794,0.5,0.00019801980198019803,0.01,0.05
9,0.03603408534049988,0.03639040122032165,0.5,0.00019801980198019803,0.01,0.05
10,0.036034085369110104,0.03639040122032165,0.5,0.00019801980198019803,0.01,0.05
11,0.036034085369110104,0.03639040122032165,0.5,0.00019801980198019803,0.01,0.05
12,0.036034085369110104,0.03639040122032165,0.5,0.00019801980198019803,0.01,0.05
13,0.036034085369110104,0.03639040122032165,0.5,0.00019801980198019803,0.01,0.05
14,0.036034085369110104,0.03639040122032165,0.5,0.00019801980198019803,0.01,0.05
15,0.036034085369110104,0.03639040122032165,0.5,0.00019801980198019803,0.01,0.05
